"version_id","version_name","volume_id","volume_name","sense_id","sort","status"
"5e21a87b47a648eb9da56a51381e1611","统编版（2024）六三制","cd7333ee86389c1aeb234dca6d110508","七年级上册","1001","1","1"
"5e21a87b47a648eb9da56a51381e1611","统编版（2024）六三制","cd7333ee86389c1aeb234dca6d110508","七年级上册","1002","2","1"
"5e21a87b47a648eb9da56a51381e1611","统编版（2024）六三制","cd7333ee86389c1aeb234dca6d110508","七年级上册","1003","3","1"
"5e21a87b47a648eb9da56a51381e1611","统编版（2024）六三制","cd7333ee86389c1aeb234dca6d110508","七年级上册","1004","4","1"
"5e21a87b47a648eb9da56a51381e1611","统编版（2024）六三制","cd7333ee86389c1aeb234dca6d110508","七年级上册","1005","5","1"
"5e21a87b47a648eb9da56a51381e1611","统编版（2024）六三制","cd7333ee86389c1aeb234dca6d110508","七年级上册","1006","6","1"
"5e21a87b47a648eb9da56a51381e1611","统编版（2024）六三制","cd7333ee86389c1aeb234dca6d110508","七年级上册","1007","7","1"
"5e21a87b47a648eb9da56a51381e1611","统编版（2024）六三制","cd7333ee86389c1aeb234dca6d110508","七年级上册","1008","8","1"
"5e21a87b47a648eb9da56a51381e1611","统编版（2024）六三制","cd7333ee86389c1aeb234dca6d110508","七年级上册","1009","9","1"
"5e21a87b47a648eb9da56a51381e1611","统编版（2024）六三制","cd7333ee86389c1aeb234dca6d110508","七年级上册","1010","10","1"
"5e21a87b47a648eb9da56a51381e1611","统编版（2024）六三制","cd7333ee86389c1aeb234dca6d110508","七年级上册","1011","11","1"
"5e21a87b47a648eb9da56a51381e1611","统编版（2024）六三制","cd7333ee86389c1aeb234dca6d110508","七年级上册","1012","12","1"
"5e21a87b47a648eb9da56a51381e1611","统编版（2024）六三制","cd7333ee86389c1aeb234dca6d110508","七年级上册","1013","13","1"
"5e21a87b47a648eb9da56a51381e1611","统编版（2024）六三制","cd7333ee86389c1aeb234dca6d110508","七年级上册","1014","14","1"
"5e21a87b47a648eb9da56a51381e1611","统编版（2024）六三制","cd7333ee86389c1aeb234dca6d110508","七年级上册","1015","15","1"
"5e21a87b47a648eb9da56a51381e1611","统编版（2024）六三制","cd7333ee86389c1aeb234dca6d110508","七年级上册","1016","16","1"
"5e21a87b47a648eb9da56a51381e1611","统编版（2024）六三制","cd7333ee86389c1aeb234dca6d110508","七年级上册","1017","17","1"
"5e21a87b47a648eb9da56a51381e1611","统编版（2024）六三制","cd7333ee86389c1aeb234dca6d110508","七年级上册","1018","18","1"
"5e21a87b47a648eb9da56a51381e1611","统编版（2024）六三制","cd7333ee86389c1aeb234dca6d110508","七年级上册","1019","19","1"
"5e21a87b47a648eb9da56a51381e1611","统编版（2024）六三制","cd7333ee86389c1aeb234dca6d110508","七年级上册","1020","20","1"
"5e21a87b47a648eb9da56a51381e1611","统编版（2024）六三制","cd7333ee86389c1aeb234dca6d110508","七年级上册","1021","21","1"
"5e21a87b47a648eb9da56a51381e1611","统编版（2024）六三制","cd7333ee86389c1aeb234dca6d110508","七年级上册","1022","22","1"
"5e21a87b47a648eb9da56a51381e1611","统编版（2024）六三制","cd7333ee86389c1aeb234dca6d110508","七年级上册","1023","23","1"
"5e21a87b47a648eb9da56a51381e1611","统编版（2024）六三制","cd7333ee86389c1aeb234dca6d110508","七年级上册","1024","24","1"
"5e21a87b47a648eb9da56a51381e1611","统编版（2024）六三制","cd7333ee86389c1aeb234dca6d110508","七年级上册","1025","25","1"
"5e21a87b47a648eb9da56a51381e1611","统编版（2024）六三制","cd7333ee86389c1aeb234dca6d110508","七年级上册","1026","26","1"
"5e21a87b47a648eb9da56a51381e1611","统编版（2024）六三制","cd7333ee86389c1aeb234dca6d110508","七年级上册","1027","27","1"
"5e21a87b47a648eb9da56a51381e1611","统编版（2024）六三制","cd7333ee86389c1aeb234dca6d110508","七年级上册","1028","28","1"
"5e21a87b47a648eb9da56a51381e1611","统编版（2024）六三制","cd7333ee86389c1aeb234dca6d110508","七年级上册","1029","29","0"
"5e21a87b47a648eb9da56a51381e1611","统编版（2024）六三制","cd7333ee86389c1aeb234dca6d110508","七年级上册","1030","30","1"
"5e21a87b47a648eb9da56a51381e1611","统编版（2024）六三制","cd7333ee86389c1aeb234dca6d110508","七年级上册","1031","31","1"
"5e21a87b47a648eb9da56a51381e1611","统编版（2024）六三制","cd7333ee86389c1aeb234dca6d110508","七年级上册","1032","32","1"
"5e21a87b47a648eb9da56a51381e1611","统编版（2024）六三制","cd7333ee86389c1aeb234dca6d110508","七年级上册","1033","33","1"
"5e21a87b47a648eb9da56a51381e1611","统编版（2024）六三制","cd7333ee86389c1aeb234dca6d110508","七年级上册","1034","34","1"
"5e21a87b47a648eb9da56a51381e1611","统编版（2024）六三制","cd7333ee86389c1aeb234dca6d110508","七年级上册","1035","35","1"
"5e21a87b47a648eb9da56a51381e1611","统编版（2024）六三制","cd7333ee86389c1aeb234dca6d110508","七年级上册","1036","36","1"
"5e21a87b47a648eb9da56a51381e1611","统编版（2024）六三制","cd7333ee86389c1aeb234dca6d110508","七年级上册","1037","37","1"
"5e21a87b47a648eb9da56a51381e1611","统编版（2024）六三制","cd7333ee86389c1aeb234dca6d110508","七年级上册","1038","38","1"
"5e21a87b47a648eb9da56a51381e1611","统编版（2024）六三制","cd7333ee86389c1aeb234dca6d110508","七年级上册","1039","39","1"
"5e21a87b47a648eb9da56a51381e1611","统编版（2024）六三制","cd7333ee86389c1aeb234dca6d110508","七年级上册","1040","40","1"
"5e21a87b47a648eb9da56a51381e1611","统编版（2024）六三制","cd7333ee86389c1aeb234dca6d110508","七年级上册","1041","41","1"
"5e21a87b47a648eb9da56a51381e1611","统编版（2024）六三制","cd7333ee86389c1aeb234dca6d110508","七年级上册","1042","42","1"
"5e21a87b47a648eb9da56a51381e1611","统编版（2024）六三制","cd7333ee86389c1aeb234dca6d110508","七年级上册","1043","43","1"
"5e21a87b47a648eb9da56a51381e1611","统编版（2024）六三制","cd7333ee86389c1aeb234dca6d110508","七年级上册","1044","44","1"
"5e21a87b47a648eb9da56a51381e1611","统编版（2024）六三制","cd7333ee86389c1aeb234dca6d110508","七年级上册","1045","45","1"
"5e21a87b47a648eb9da56a51381e1611","统编版（2024）六三制","cd7333ee86389c1aeb234dca6d110508","七年级上册","1046","46","1"
"5e21a87b47a648eb9da56a51381e1611","统编版（2024）六三制","cfa08a77cf87ea485c52c5b360d00268","七年级下册","1047","47","1"
"5e21a87b47a648eb9da56a51381e1611","统编版（2024）六三制","cfa08a77cf87ea485c52c5b360d00268","七年级下册","1048","48","1"
"5e21a87b47a648eb9da56a51381e1611","统编版（2024）六三制","cfa08a77cf87ea485c52c5b360d00268","七年级下册","1049","49","1"
"5e21a87b47a648eb9da56a51381e1611","统编版（2024）六三制","cfa08a77cf87ea485c52c5b360d00268","七年级下册","1050","50","1"
"5e21a87b47a648eb9da56a51381e1611","统编版（2024）六三制","cfa08a77cf87ea485c52c5b360d00268","七年级下册","1051","51","1"
"5e21a87b47a648eb9da56a51381e1611","统编版（2024）六三制","cfa08a77cf87ea485c52c5b360d00268","七年级下册","1052","52","1"
"5e21a87b47a648eb9da56a51381e1611","统编版（2024）六三制","cfa08a77cf87ea485c52c5b360d00268","七年级下册","1053","53","1"
"5e21a87b47a648eb9da56a51381e1611","统编版（2024）六三制","cfa08a77cf87ea485c52c5b360d00268","七年级下册","1054","54","1"
"5e21a87b47a648eb9da56a51381e1611","统编版（2024）六三制","cfa08a77cf87ea485c52c5b360d00268","七年级下册","1055","55","1"
"5e21a87b47a648eb9da56a51381e1611","统编版（2024）六三制","cfa08a77cf87ea485c52c5b360d00268","七年级下册","1056","56","1"
"5e21a87b47a648eb9da56a51381e1611","统编版（2024）六三制","cfa08a77cf87ea485c52c5b360d00268","七年级下册","1057","57","1"
"5e21a87b47a648eb9da56a51381e1611","统编版（2024）六三制","cfa08a77cf87ea485c52c5b360d00268","七年级下册","1058","58","1"
"5e21a87b47a648eb9da56a51381e1611","统编版（2024）六三制","cfa08a77cf87ea485c52c5b360d00268","七年级下册","1059","59","1"
"5e21a87b47a648eb9da56a51381e1611","统编版（2024）六三制","cfa08a77cf87ea485c52c5b360d00268","七年级下册","1060","60","1"
"5e21a87b47a648eb9da56a51381e1611","统编版（2024）六三制","cfa08a77cf87ea485c52c5b360d00268","七年级下册","1061","61","1"
"5e21a87b47a648eb9da56a51381e1611","统编版（2024）六三制","cfa08a77cf87ea485c52c5b360d00268","七年级下册","1062","62","1"
"5e21a87b47a648eb9da56a51381e1611","统编版（2024）六三制","cfa08a77cf87ea485c52c5b360d00268","七年级下册","1063","63","1"
"5e21a87b47a648eb9da56a51381e1611","统编版（2024）六三制","cfa08a77cf87ea485c52c5b360d00268","七年级下册","1064","64","1"
"5e21a87b47a648eb9da56a51381e1611","统编版（2024）六三制","cfa08a77cf87ea485c52c5b360d00268","七年级下册","1065","65","1"
"5e21a87b47a648eb9da56a51381e1611","统编版（2024）六三制","cfa08a77cf87ea485c52c5b360d00268","七年级下册","1066","66","1"
"5e21a87b47a648eb9da56a51381e1611","统编版（2024）六三制","cfa08a77cf87ea485c52c5b360d00268","七年级下册","1067","67","1"
"5e21a87b47a648eb9da56a51381e1611","统编版（2024）六三制","cfa08a77cf87ea485c52c5b360d00268","七年级下册","1068","68","1"
"5e21a87b47a648eb9da56a51381e1611","统编版（2024）六三制","cfa08a77cf87ea485c52c5b360d00268","七年级下册","1069","69","1"
"5e21a87b47a648eb9da56a51381e1611","统编版（2024）六三制","cfa08a77cf87ea485c52c5b360d00268","七年级下册","1070","70","1"
"5e21a87b47a648eb9da56a51381e1611","统编版（2024）六三制","cfa08a77cf87ea485c52c5b360d00268","七年级下册","1071","71","1"
"5e21a87b47a648eb9da56a51381e1611","统编版（2024）六三制","cfa08a77cf87ea485c52c5b360d00268","七年级下册","1072","72","1"
"5e21a87b47a648eb9da56a51381e1611","统编版（2024）六三制","cfa08a77cf87ea485c52c5b360d00268","七年级下册","1073","73","1"
"5e21a87b47a648eb9da56a51381e1611","统编版（2024）六三制","cfa08a77cf87ea485c52c5b360d00268","七年级下册","1074","74","1"
"5e21a87b47a648eb9da56a51381e1611","统编版（2024）六三制","cfa08a77cf87ea485c52c5b360d00268","七年级下册","1075","75","1"
"5e21a87b47a648eb9da56a51381e1611","统编版（2024）六三制","cfa08a77cf87ea485c52c5b360d00268","七年级下册","1076","76","1"
"5e21a87b47a648eb9da56a51381e1611","统编版（2024）六三制","cfa08a77cf87ea485c52c5b360d00268","七年级下册","1077","77","1"
"5e21a87b47a648eb9da56a51381e1611","统编版（2024）六三制","cfa08a77cf87ea485c52c5b360d00268","七年级下册","1078","78","1"
"5e21a87b47a648eb9da56a51381e1611","统编版（2024）六三制","cfa08a77cf87ea485c52c5b360d00268","七年级下册","1079","79","1"
"5e21a87b47a648eb9da56a51381e1611","统编版（2024）六三制","cfa08a77cf87ea485c52c5b360d00268","七年级下册","1080","80","1"
"5e21a87b47a648eb9da56a51381e1611","统编版（2024）六三制","cfa08a77cf87ea485c52c5b360d00268","七年级下册","1081","81","1"
"5e21a87b47a648eb9da56a51381e1611","统编版（2024）六三制","cfa08a77cf87ea485c52c5b360d00268","七年级下册","1082","82","1"
"5e21a87b47a648eb9da56a51381e1611","统编版（2024）六三制","cfa08a77cf87ea485c52c5b360d00268","七年级下册","1083","83","1"
"5e21a87b47a648eb9da56a51381e1611","统编版（2024）六三制","49c28739817d121d74e1f4f248e927ee","八年级上册","1084","84","1"
"5e21a87b47a648eb9da56a51381e1611","统编版（2024）六三制","49c28739817d121d74e1f4f248e927ee","八年级上册","1085","85","1"
"5e21a87b47a648eb9da56a51381e1611","统编版（2024）六三制","49c28739817d121d74e1f4f248e927ee","八年级上册","1086","86","1"
"5e21a87b47a648eb9da56a51381e1611","统编版（2024）六三制","49c28739817d121d74e1f4f248e927ee","八年级上册","1087","87","1"
"5e21a87b47a648eb9da56a51381e1611","统编版（2024）六三制","49c28739817d121d74e1f4f248e927ee","八年级上册","1088","88","1"
"5e21a87b47a648eb9da56a51381e1611","统编版（2024）六三制","49c28739817d121d74e1f4f248e927ee","八年级上册","1089","89","1"
"5e21a87b47a648eb9da56a51381e1611","统编版（2024）六三制","49c28739817d121d74e1f4f248e927ee","八年级上册","1090","90","1"
"5e21a87b47a648eb9da56a51381e1611","统编版（2024）六三制","49c28739817d121d74e1f4f248e927ee","八年级上册","1091","91","1"
"5e21a87b47a648eb9da56a51381e1611","统编版（2024）六三制","49c28739817d121d74e1f4f248e927ee","八年级上册","1092","92","1"
"5e21a87b47a648eb9da56a51381e1611","统编版（2024）六三制","49c28739817d121d74e1f4f248e927ee","八年级上册","1093","93","1"
"5e21a87b47a648eb9da56a51381e1611","统编版（2024）六三制","49c28739817d121d74e1f4f248e927ee","八年级上册","1094","94","1"
"5e21a87b47a648eb9da56a51381e1611","统编版（2024）六三制","49c28739817d121d74e1f4f248e927ee","八年级上册","1095","95","1"
"5e21a87b47a648eb9da56a51381e1611","统编版（2024）六三制","49c28739817d121d74e1f4f248e927ee","八年级上册","1096","96","1"
"5e21a87b47a648eb9da56a51381e1611","统编版（2024）六三制","49c28739817d121d74e1f4f248e927ee","八年级上册","1097","97","1"
"5e21a87b47a648eb9da56a51381e1611","统编版（2024）六三制","49c28739817d121d74e1f4f248e927ee","八年级上册","1098","98","1"
"5e21a87b47a648eb9da56a51381e1611","统编版（2024）六三制","49c28739817d121d74e1f4f248e927ee","八年级上册","1099","99","1"
"5e21a87b47a648eb9da56a51381e1611","统编版（2024）六三制","49c28739817d121d74e1f4f248e927ee","八年级上册","1100","100","1"
"5e21a87b47a648eb9da56a51381e1611","统编版（2024）六三制","49c28739817d121d74e1f4f248e927ee","八年级上册","1101","101","1"
"5e21a87b47a648eb9da56a51381e1611","统编版（2024）六三制","49c28739817d121d74e1f4f248e927ee","八年级上册","1102","102","1"
"5e21a87b47a648eb9da56a51381e1611","统编版（2024）六三制","49c28739817d121d74e1f4f248e927ee","八年级上册","1103","103","1"
"5e21a87b47a648eb9da56a51381e1611","统编版（2024）六三制","49c28739817d121d74e1f4f248e927ee","八年级上册","1104","104","1"
"5e21a87b47a648eb9da56a51381e1611","统编版（2024）六三制","49c28739817d121d74e1f4f248e927ee","八年级上册","1105","105","1"
"5e21a87b47a648eb9da56a51381e1611","统编版（2024）六三制","49c28739817d121d74e1f4f248e927ee","八年级上册","1106","106","1"
"5e21a87b47a648eb9da56a51381e1611","统编版（2024）六三制","49c28739817d121d74e1f4f248e927ee","八年级上册","1107","107","1"
"5e21a87b47a648eb9da56a51381e1611","统编版（2024）六三制","49c28739817d121d74e1f4f248e927ee","八年级上册","1108","108","1"
"5e21a87b47a648eb9da56a51381e1611","统编版（2024）六三制","49c28739817d121d74e1f4f248e927ee","八年级上册","1109","109","1"
"5e21a87b47a648eb9da56a51381e1611","统编版（2024）六三制","49c28739817d121d74e1f4f248e927ee","八年级上册","1110","110","1"
"5e21a87b47a648eb9da56a51381e1611","统编版（2024）六三制","49c28739817d121d74e1f4f248e927ee","八年级上册","1111","111","1"
"5e21a87b47a648eb9da56a51381e1611","统编版（2024）六三制","49c28739817d121d74e1f4f248e927ee","八年级上册","1112","112","1"
"5e21a87b47a648eb9da56a51381e1611","统编版（2024）六三制","49c28739817d121d74e1f4f248e927ee","八年级上册","1113","113","1"
"5e21a87b47a648eb9da56a51381e1611","统编版（2024）六三制","49c28739817d121d74e1f4f248e927ee","八年级上册","1114","114","1"
"5e21a87b47a648eb9da56a51381e1611","统编版（2024）六三制","49c28739817d121d74e1f4f248e927ee","八年级上册","1115","115","1"
"5e21a87b47a648eb9da56a51381e1611","统编版（2024）六三制","49c28739817d121d74e1f4f248e927ee","八年级上册","1116","116","1"
"5e21a87b47a648eb9da56a51381e1611","统编版（2024）六三制","49c28739817d121d74e1f4f248e927ee","八年级上册","1117","117","0"
"5e21a87b47a648eb9da56a51381e1611","统编版（2024）六三制","49c28739817d121d74e1f4f248e927ee","八年级上册","1118","118","1"
"5e21a87b47a648eb9da56a51381e1611","统编版（2024）六三制","49c28739817d121d74e1f4f248e927ee","八年级上册","1119","119","1"
"5e21a87b47a648eb9da56a51381e1611","统编版（2024）六三制","49c28739817d121d74e1f4f248e927ee","八年级上册","1120","120","1"
"5e21a87b47a648eb9da56a51381e1611","统编版（2024）六三制","49c28739817d121d74e1f4f248e927ee","八年级上册","1121","121","1"
"5e21a87b47a648eb9da56a51381e1611","统编版（2024）六三制","49c28739817d121d74e1f4f248e927ee","八年级上册","1122","122","1"
"5e21a87b47a648eb9da56a51381e1611","统编版（2024）六三制","49c28739817d121d74e1f4f248e927ee","八年级上册","1123","123","1"
"5e21a87b47a648eb9da56a51381e1611","统编版（2024）六三制","49c28739817d121d74e1f4f248e927ee","八年级上册","1124","124","1"
"5e21a87b47a648eb9da56a51381e1611","统编版（2024）六三制","49c28739817d121d74e1f4f248e927ee","八年级上册","1125","125","1"
"5e21a87b47a648eb9da56a51381e1611","统编版（2024）六三制","49c28739817d121d74e1f4f248e927ee","八年级上册","1126","126","1"
"5e21a87b47a648eb9da56a51381e1611","统编版（2024）六三制","49c28739817d121d74e1f4f248e927ee","八年级上册","1127","127","1"
"5e21a87b47a648eb9da56a51381e1611","统编版（2024）六三制","49c28739817d121d74e1f4f248e927ee","八年级上册","1128","128","1"
"5e21a87b47a648eb9da56a51381e1611","统编版（2024）六三制","49c28739817d121d74e1f4f248e927ee","八年级上册","1129","129","1"
"5e21a87b47a648eb9da56a51381e1611","统编版（2024）六三制","49c28739817d121d74e1f4f248e927ee","八年级上册","1130","130","1"
"5e21a87b47a648eb9da56a51381e1611","统编版（2024）六三制","49c28739817d121d74e1f4f248e927ee","八年级上册","1131","131","1"
"5e21a87b47a648eb9da56a51381e1611","统编版（2024）六三制","49c28739817d121d74e1f4f248e927ee","八年级上册","1132","132","1"
"5e21a87b47a648eb9da56a51381e1611","统编版（2024）六三制","49c28739817d121d74e1f4f248e927ee","八年级上册","1133","133","1"
"5e21a87b47a648eb9da56a51381e1611","统编版（2024）六三制","49c28739817d121d74e1f4f248e927ee","八年级上册","1134","134","1"
"5e21a87b47a648eb9da56a51381e1611","统编版（2024）六三制","49c28739817d121d74e1f4f248e927ee","八年级上册","1135","135","1"
"5e21a87b47a648eb9da56a51381e1611","统编版（2024）六三制","49c28739817d121d74e1f4f248e927ee","八年级上册","1136","136","1"
"5e21a87b47a648eb9da56a51381e1611","统编版（2024）六三制","49c28739817d121d74e1f4f248e927ee","八年级上册","1137","137","1"
"5e21a87b47a648eb9da56a51381e1611","统编版（2024）六三制","49c28739817d121d74e1f4f248e927ee","八年级上册","1138","138","1"
"5e21a87b47a648eb9da56a51381e1611","统编版（2024）六三制","49c28739817d121d74e1f4f248e927ee","八年级上册","1139","139","1"
"5e21a87b47a648eb9da56a51381e1611","统编版（2024）六三制","49c28739817d121d74e1f4f248e927ee","八年级上册","1140","140","0"
"5e21a87b47a648eb9da56a51381e1611","统编版（2024）六三制","49c28739817d121d74e1f4f248e927ee","八年级上册","1141","141","1"
"5e21a87b47a648eb9da56a51381e1611","统编版（2024）六三制","4fc31446c432fd17648b23012e7911d1","八年级下册","1142","142","1"
"5e21a87b47a648eb9da56a51381e1611","统编版（2024）六三制","4fc31446c432fd17648b23012e7911d1","八年级下册","1143","143","1"
"5e21a87b47a648eb9da56a51381e1611","统编版（2024）六三制","4fc31446c432fd17648b23012e7911d1","八年级下册","1144","144","1"
"5e21a87b47a648eb9da56a51381e1611","统编版（2024）六三制","4fc31446c432fd17648b23012e7911d1","八年级下册","1145","145","1"
"5e21a87b47a648eb9da56a51381e1611","统编版（2024）六三制","4fc31446c432fd17648b23012e7911d1","八年级下册","1146","146","1"
"5e21a87b47a648eb9da56a51381e1611","统编版（2024）六三制","4fc31446c432fd17648b23012e7911d1","八年级下册","1147","147","1"
"5e21a87b47a648eb9da56a51381e1611","统编版（2024）六三制","4fc31446c432fd17648b23012e7911d1","八年级下册","1148","148","1"
"5e21a87b47a648eb9da56a51381e1611","统编版（2024）六三制","4fc31446c432fd17648b23012e7911d1","八年级下册","1149","149","1"
"5e21a87b47a648eb9da56a51381e1611","统编版（2024）六三制","4fc31446c432fd17648b23012e7911d1","八年级下册","1150","150","1"
"5e21a87b47a648eb9da56a51381e1611","统编版（2024）六三制","4fc31446c432fd17648b23012e7911d1","八年级下册","1151","151","1"
"5e21a87b47a648eb9da56a51381e1611","统编版（2024）六三制","4fc31446c432fd17648b23012e7911d1","八年级下册","1152","152","0"
"5e21a87b47a648eb9da56a51381e1611","统编版（2024）六三制","4fc31446c432fd17648b23012e7911d1","八年级下册","1153","153","1"
"5e21a87b47a648eb9da56a51381e1611","统编版（2024）六三制","4fc31446c432fd17648b23012e7911d1","八年级下册","1154","154","1"
"5e21a87b47a648eb9da56a51381e1611","统编版（2024）六三制","4fc31446c432fd17648b23012e7911d1","八年级下册","1155","155","1"
"5e21a87b47a648eb9da56a51381e1611","统编版（2024）六三制","4fc31446c432fd17648b23012e7911d1","八年级下册","1156","156","1"
"5e21a87b47a648eb9da56a51381e1611","统编版（2024）六三制","4fc31446c432fd17648b23012e7911d1","八年级下册","1157","157","1"
"5e21a87b47a648eb9da56a51381e1611","统编版（2024）六三制","4fc31446c432fd17648b23012e7911d1","八年级下册","1158","158","1"
"5e21a87b47a648eb9da56a51381e1611","统编版（2024）六三制","4fc31446c432fd17648b23012e7911d1","八年级下册","1159","159","1"
"5e21a87b47a648eb9da56a51381e1611","统编版（2024）六三制","4fc31446c432fd17648b23012e7911d1","八年级下册","1160","160","1"
"5e21a87b47a648eb9da56a51381e1611","统编版（2024）六三制","4fc31446c432fd17648b23012e7911d1","八年级下册","1161","161","1"
"5e21a87b47a648eb9da56a51381e1611","统编版（2024）六三制","4fc31446c432fd17648b23012e7911d1","八年级下册","1162","162","1"
"5e21a87b47a648eb9da56a51381e1611","统编版（2024）六三制","4fc31446c432fd17648b23012e7911d1","八年级下册","1163","163","1"
"5e21a87b47a648eb9da56a51381e1611","统编版（2024）六三制","4fc31446c432fd17648b23012e7911d1","八年级下册","1164","164","1"
"5e21a87b47a648eb9da56a51381e1611","统编版（2024）六三制","4fc31446c432fd17648b23012e7911d1","八年级下册","1165","165","1"
"5e21a87b47a648eb9da56a51381e1611","统编版（2024）六三制","4fc31446c432fd17648b23012e7911d1","八年级下册","1166","166","1"
"5e21a87b47a648eb9da56a51381e1611","统编版（2024）六三制","4fc31446c432fd17648b23012e7911d1","八年级下册","1167","167","1"
"5e21a87b47a648eb9da56a51381e1611","统编版（2024）六三制","4fc31446c432fd17648b23012e7911d1","八年级下册","1168","168","1"
"5e21a87b47a648eb9da56a51381e1611","统编版（2024）六三制","4fc31446c432fd17648b23012e7911d1","八年级下册","1169","169","1"
"5e21a87b47a648eb9da56a51381e1611","统编版（2024）六三制","4fc31446c432fd17648b23012e7911d1","八年级下册","1170","170","1"
"5e21a87b47a648eb9da56a51381e1611","统编版（2024）六三制","4fc31446c432fd17648b23012e7911d1","八年级下册","1171","171","1"
"5e21a87b47a648eb9da56a51381e1611","统编版（2024）六三制","4fc31446c432fd17648b23012e7911d1","八年级下册","1172","172","1"
"5e21a87b47a648eb9da56a51381e1611","统编版（2024）六三制","4fc31446c432fd17648b23012e7911d1","八年级下册","1173","173","1"
"5e21a87b47a648eb9da56a51381e1611","统编版（2024）六三制","4fc31446c432fd17648b23012e7911d1","八年级下册","1174","174","1"
"5e21a87b47a648eb9da56a51381e1611","统编版（2024）六三制","4fc31446c432fd17648b23012e7911d1","八年级下册","1175","175","1"
"5e21a87b47a648eb9da56a51381e1611","统编版（2024）六三制","4fc31446c432fd17648b23012e7911d1","八年级下册","1176","176","1"
"5e21a87b47a648eb9da56a51381e1611","统编版（2024）六三制","4fc31446c432fd17648b23012e7911d1","八年级下册","1177","177","1"
"5e21a87b47a648eb9da56a51381e1611","统编版（2024）六三制","4fc31446c432fd17648b23012e7911d1","八年级下册","1178","178","1"
"5e21a87b47a648eb9da56a51381e1611","统编版（2024）六三制","4fc31446c432fd17648b23012e7911d1","八年级下册","1179","179","1"
"5e21a87b47a648eb9da56a51381e1611","统编版（2024）六三制","4fc31446c432fd17648b23012e7911d1","八年级下册","1180","180","1"
"5e21a87b47a648eb9da56a51381e1611","统编版（2024）六三制","4fc31446c432fd17648b23012e7911d1","八年级下册","1181","181","1"
"5e21a87b47a648eb9da56a51381e1611","统编版（2024）六三制","4fc31446c432fd17648b23012e7911d1","八年级下册","1182","182","1"
"5e21a87b47a648eb9da56a51381e1611","统编版（2024）六三制","4fc31446c432fd17648b23012e7911d1","八年级下册","1183","183","1"
"5e21a87b47a648eb9da56a51381e1611","统编版（2024）六三制","4fc31446c432fd17648b23012e7911d1","八年级下册","1184","184","1"
"5e21a87b47a648eb9da56a51381e1611","统编版（2024）六三制","4fc31446c432fd17648b23012e7911d1","八年级下册","1185","185","1"
"5e21a87b47a648eb9da56a51381e1611","统编版（2024）六三制","4fc31446c432fd17648b23012e7911d1","八年级下册","1186","186","1"
"5e21a87b47a648eb9da56a51381e1611","统编版（2024）六三制","4fc31446c432fd17648b23012e7911d1","八年级下册","1187","187","1"
"5e21a87b47a648eb9da56a51381e1611","统编版（2024）六三制","4fc31446c432fd17648b23012e7911d1","八年级下册","1188","188","0"
"5e21a87b47a648eb9da56a51381e1611","统编版（2024）六三制","4fc31446c432fd17648b23012e7911d1","八年级下册","1189","189","1"
"5e21a87b47a648eb9da56a51381e1611","统编版（2024）六三制","4fc31446c432fd17648b23012e7911d1","八年级下册","1190","190","1"
"5e21a87b47a648eb9da56a51381e1611","统编版（2024）六三制","4fc31446c432fd17648b23012e7911d1","八年级下册","1191","191","1"
"5e21a87b47a648eb9da56a51381e1611","统编版（2024）六三制","4fc31446c432fd17648b23012e7911d1","八年级下册","1192","192","1"
"5e21a87b47a648eb9da56a51381e1611","统编版（2024）六三制","4fc31446c432fd17648b23012e7911d1","八年级下册","1193","193","1"
"5e21a87b47a648eb9da56a51381e1611","统编版（2024）六三制","4fc31446c432fd17648b23012e7911d1","八年级下册","1194","194","1"
"5e21a87b47a648eb9da56a51381e1611","统编版（2024）六三制","4fc31446c432fd17648b23012e7911d1","八年级下册","1195","195","1"
"5e21a87b47a648eb9da56a51381e1611","统编版（2024）六三制","4fc31446c432fd17648b23012e7911d1","八年级下册","1196","196","1"
"5e21a87b47a648eb9da56a51381e1611","统编版（2024）六三制","4fc31446c432fd17648b23012e7911d1","八年级下册","1197","197","1"
"5e21a87b47a648eb9da56a51381e1611","统编版（2024）六三制","4fc31446c432fd17648b23012e7911d1","八年级下册","1198","198","1"
"5e21a87b47a648eb9da56a51381e1611","统编版（2024）六三制","4fc31446c432fd17648b23012e7911d1","八年级下册","1199","199","1"
"5e21a87b47a648eb9da56a51381e1611","统编版（2024）六三制","37bad638f5389396c5217f0a2d8195d3","九年级上册","1200","200","1"
"5e21a87b47a648eb9da56a51381e1611","统编版（2024）六三制","37bad638f5389396c5217f0a2d8195d3","九年级上册","1201","201","1"
"5e21a87b47a648eb9da56a51381e1611","统编版（2024）六三制","37bad638f5389396c5217f0a2d8195d3","九年级上册","1202","202","1"
"5e21a87b47a648eb9da56a51381e1611","统编版（2024）六三制","37bad638f5389396c5217f0a2d8195d3","九年级上册","1203","203","1"
"5e21a87b47a648eb9da56a51381e1611","统编版（2024）六三制","37bad638f5389396c5217f0a2d8195d3","九年级上册","1204","204","1"
"5e21a87b47a648eb9da56a51381e1611","统编版（2024）六三制","37bad638f5389396c5217f0a2d8195d3","九年级上册","1205","205","1"
"5e21a87b47a648eb9da56a51381e1611","统编版（2024）六三制","37bad638f5389396c5217f0a2d8195d3","九年级上册","1206","206","1"
"5e21a87b47a648eb9da56a51381e1611","统编版（2024）六三制","37bad638f5389396c5217f0a2d8195d3","九年级上册","1207","207","1"
"5e21a87b47a648eb9da56a51381e1611","统编版（2024）六三制","37bad638f5389396c5217f0a2d8195d3","九年级上册","1208","208","1"
"5e21a87b47a648eb9da56a51381e1611","统编版（2024）六三制","37bad638f5389396c5217f0a2d8195d3","九年级上册","1209","209","1"
"5e21a87b47a648eb9da56a51381e1611","统编版（2024）六三制","37bad638f5389396c5217f0a2d8195d3","九年级上册","1210","210","1"
"5e21a87b47a648eb9da56a51381e1611","统编版（2024）六三制","37bad638f5389396c5217f0a2d8195d3","九年级上册","1211","211","1"
"5e21a87b47a648eb9da56a51381e1611","统编版（2024）六三制","37bad638f5389396c5217f0a2d8195d3","九年级上册","1212","212","1"
"5e21a87b47a648eb9da56a51381e1611","统编版（2024）六三制","37bad638f5389396c5217f0a2d8195d3","九年级上册","1213","213","1"
"5e21a87b47a648eb9da56a51381e1611","统编版（2024）六三制","37bad638f5389396c5217f0a2d8195d3","九年级上册","1214","214","1"
"5e21a87b47a648eb9da56a51381e1611","统编版（2024）六三制","37bad638f5389396c5217f0a2d8195d3","九年级上册","1215","215","1"
"5e21a87b47a648eb9da56a51381e1611","统编版（2024）六三制","37bad638f5389396c5217f0a2d8195d3","九年级上册","1216","216","1"
"5e21a87b47a648eb9da56a51381e1611","统编版（2024）六三制","37bad638f5389396c5217f0a2d8195d3","九年级上册","1217","217","1"
"5e21a87b47a648eb9da56a51381e1611","统编版（2024）六三制","37bad638f5389396c5217f0a2d8195d3","九年级上册","1218","218","1"
"5e21a87b47a648eb9da56a51381e1611","统编版（2024）六三制","37bad638f5389396c5217f0a2d8195d3","九年级上册","1219","219","1"
"5e21a87b47a648eb9da56a51381e1611","统编版（2024）六三制","37bad638f5389396c5217f0a2d8195d3","九年级上册","1220","220","1"
"5e21a87b47a648eb9da56a51381e1611","统编版（2024）六三制","37bad638f5389396c5217f0a2d8195d3","九年级上册","1221","221","0"
"5e21a87b47a648eb9da56a51381e1611","统编版（2024）六三制","37bad638f5389396c5217f0a2d8195d3","九年级上册","1222","222","1"
"5e21a87b47a648eb9da56a51381e1611","统编版（2024）六三制","37bad638f5389396c5217f0a2d8195d3","九年级上册","1223","223","1"
"5e21a87b47a648eb9da56a51381e1611","统编版（2024）六三制","37bad638f5389396c5217f0a2d8195d3","九年级上册","1224","224","1"
"5e21a87b47a648eb9da56a51381e1611","统编版（2024）六三制","37bad638f5389396c5217f0a2d8195d3","九年级上册","1225","225","1"
"5e21a87b47a648eb9da56a51381e1611","统编版（2024）六三制","37bad638f5389396c5217f0a2d8195d3","九年级上册","1226","226","1"
"5e21a87b47a648eb9da56a51381e1611","统编版（2024）六三制","37bad638f5389396c5217f0a2d8195d3","九年级上册","1227","227","1"
"5e21a87b47a648eb9da56a51381e1611","统编版（2024）六三制","37bad638f5389396c5217f0a2d8195d3","九年级上册","1228","228","0"
"5e21a87b47a648eb9da56a51381e1611","统编版（2024）六三制","37bad638f5389396c5217f0a2d8195d3","九年级上册","1229","229","1"
"5e21a87b47a648eb9da56a51381e1611","统编版（2024）六三制","37bad638f5389396c5217f0a2d8195d3","九年级上册","1230","230","1"
"5e21a87b47a648eb9da56a51381e1611","统编版（2024）六三制","37bad638f5389396c5217f0a2d8195d3","九年级上册","1231","231","1"
"5e21a87b47a648eb9da56a51381e1611","统编版（2024）六三制","37bad638f5389396c5217f0a2d8195d3","九年级上册","1232","232","1"
"5e21a87b47a648eb9da56a51381e1611","统编版（2024）六三制","37bad638f5389396c5217f0a2d8195d3","九年级上册","1233","233","1"
"5e21a87b47a648eb9da56a51381e1611","统编版（2024）六三制","37bad638f5389396c5217f0a2d8195d3","九年级上册","1234","234","1"
"5e21a87b47a648eb9da56a51381e1611","统编版（2024）六三制","37bad638f5389396c5217f0a2d8195d3","九年级上册","1235","235","1"
"5e21a87b47a648eb9da56a51381e1611","统编版（2024）六三制","37bad638f5389396c5217f0a2d8195d3","九年级上册","1236","236","1"
"5e21a87b47a648eb9da56a51381e1611","统编版（2024）六三制","37bad638f5389396c5217f0a2d8195d3","九年级上册","1237","237","1"
"5e21a87b47a648eb9da56a51381e1611","统编版（2024）六三制","37bad638f5389396c5217f0a2d8195d3","九年级上册","1238","238","1"
"5e21a87b47a648eb9da56a51381e1611","统编版（2024）六三制","37bad638f5389396c5217f0a2d8195d3","九年级上册","1239","239","1"
"5e21a87b47a648eb9da56a51381e1611","统编版（2024）六三制","37bad638f5389396c5217f0a2d8195d3","九年级上册","1240","240","1"
"5e21a87b47a648eb9da56a51381e1611","统编版（2024）六三制","37bad638f5389396c5217f0a2d8195d3","九年级上册","1241","241","1"
"5e21a87b47a648eb9da56a51381e1611","统编版（2024）六三制","37bad638f5389396c5217f0a2d8195d3","九年级上册","1242","242","1"
"5e21a87b47a648eb9da56a51381e1611","统编版（2024）六三制","37bad638f5389396c5217f0a2d8195d3","九年级上册","1243","243","1"
"5e21a87b47a648eb9da56a51381e1611","统编版（2024）六三制","37bad638f5389396c5217f0a2d8195d3","九年级上册","1244","244","1"
"5e21a87b47a648eb9da56a51381e1611","统编版（2024）六三制","37bad638f5389396c5217f0a2d8195d3","九年级上册","1245","245","1"
"5e21a87b47a648eb9da56a51381e1611","统编版（2024）六三制","37bad638f5389396c5217f0a2d8195d3","九年级上册","1246","246","1"
"5e21a87b47a648eb9da56a51381e1611","统编版（2024）六三制","37bad638f5389396c5217f0a2d8195d3","九年级上册","1247","247","0"
"5e21a87b47a648eb9da56a51381e1611","统编版（2024）六三制","37bad638f5389396c5217f0a2d8195d3","九年级上册","1248","248","1"
"5e21a87b47a648eb9da56a51381e1611","统编版（2024）六三制","37bad638f5389396c5217f0a2d8195d3","九年级上册","1249","249","1"
"5e21a87b47a648eb9da56a51381e1611","统编版（2024）六三制","37bad638f5389396c5217f0a2d8195d3","九年级上册","1250","250","1"
"5e21a87b47a648eb9da56a51381e1611","统编版（2024）六三制","37bad638f5389396c5217f0a2d8195d3","九年级上册","1251","251","1"
"5e21a87b47a648eb9da56a51381e1611","统编版（2024）六三制","37bad638f5389396c5217f0a2d8195d3","九年级上册","1252","252","1"
"5e21a87b47a648eb9da56a51381e1611","统编版（2024）六三制","37bad638f5389396c5217f0a2d8195d3","九年级上册","1253","253","1"
"5e21a87b47a648eb9da56a51381e1611","统编版（2024）六三制","37bad638f5389396c5217f0a2d8195d3","九年级上册","1254","254","1"
"5e21a87b47a648eb9da56a51381e1611","统编版（2024）六三制","37bad638f5389396c5217f0a2d8195d3","九年级上册","1255","255","1"
"5e21a87b47a648eb9da56a51381e1611","统编版（2024）六三制","37bad638f5389396c5217f0a2d8195d3","九年级上册","1256","256","1"
"5e21a87b47a648eb9da56a51381e1611","统编版（2024）六三制","37bad638f5389396c5217f0a2d8195d3","九年级上册","1257","257","1"
"5e21a87b47a648eb9da56a51381e1611","统编版（2024）六三制","37bad638f5389396c5217f0a2d8195d3","九年级上册","1258","258","1"
"5e21a87b47a648eb9da56a51381e1611","统编版（2024）六三制","37bad638f5389396c5217f0a2d8195d3","九年级上册","1259","259","1"
"5e21a87b47a648eb9da56a51381e1611","统编版（2024）六三制","37bad638f5389396c5217f0a2d8195d3","九年级上册","1260","260","1"
"5e21a87b47a648eb9da56a51381e1611","统编版（2024）六三制","37bad638f5389396c5217f0a2d8195d3","九年级上册","1261","261","1"
"5e21a87b47a648eb9da56a51381e1611","统编版（2024）六三制","37bad638f5389396c5217f0a2d8195d3","九年级上册","1262","262","1"
"5e21a87b47a648eb9da56a51381e1611","统编版（2024）六三制","37bad638f5389396c5217f0a2d8195d3","九年级上册","1263","263","1"
